[
    {
        "kategori_id": 24,
        "kategori_isim": "Kahvaltılık",
        "kategori_sira": "1",
        "kategori_aciklama": " Kahvaltılık Ürünleri Buradadır.",
        "kategori_durum": "true",
        "kategori_resim_durum": "false",
        "kategori_resim_baglanti": "https:\/\/hthayat.haberturk.com\/im\/2016\/07\/29\/ver1493276661\/1036237_620x360.jpg",
        "kategori_resim_yukleme": "1660494502.jpg"
    },
    {
        "kategori_id": 25,
        "kategori_isim": "Çorbalar",
        "kategori_sira": "2",
        "kategori_aciklama": " Çorbalar ürünlerini burada bulabilirsiniz.",
        "kategori_durum": "true",
        "kategori_resim_durum": "false",
        "kategori_resim_baglanti": "https:\/\/i.lezzet.com.tr\/images-xxlarge-secondary\/saglikli-kis-corbalari-sifa-dolu-10-farkli-corba-tarifi-7aabe9cc-1c27-4014-b7e8-4da230381c86.jpg",
        "kategori_resim_yukleme": "1660494587.jpg"
    }
]